system:index,ADM0_CODE,ADM0_NAME,ADM1_CODE,ADM1_NAME,DISP_AREA,EXP1_YEAR,STATUS,STR1_YEAR,Shape_Area,Shape_Leng,mean,median,month,stdDev,year
0_000000000000000000b3,44,Cambodia,804,Otdar Meanchey,NO,3000,Member State,1995,0.5532486009,4.551822637,0.4197816293,0.4023356486,1,0.1846473837,2021
0_000000000000000000bb,44,Cambodia,811,Siem Reap,NO,3000,Member State,1995,0.8808367611,5.580395136,0.4409994859,0.4101282388,1,0.2042044043,2021
0_000000000000000000a8,44,Cambodia,792,Battambang,NO,3000,Member State,1997,0.9882713243,6.08763043,0.4461755596,0.4179618948,1,0.210439603,2021
0_000000000000000000b4,44,Cambodia,805,Pailin,NO,3000,Member State,1997,0.08886359898,1.471673162,0.547668549,0.5351377936,1,0.220375031,2021
0_000000000000000000a5,44,Cambodia,65290,Area under National Administration 1,NO,3000,Member State,1000,0.2122933686,5.269380318,-0.3093171156,-0.3633676657,1,0.218827854,2021
0_000000000000000000a6,44,Cambodia,65289,Area under National Administration 2,NO,3000,Member State,1000,8.00E-04,0.3798973226,0.6804123012,0.8397960047,1,0.3234249426,2021
0_000000000000000000a7,44,Cambodia,791,Banteay Meanchey,NO,3000,Member State,1000,0.5109201907,4.57108768,0.3363877155,0.2929234411,1,0.1737383856,2021
0_000000000000000000a9,44,Cambodia,793,Kampong Cham,NO,3000,Member State,1000,0.7840018665,7.041655791,0.4658790645,0.472643108,1,0.2657959223,2021
0_000000000000000000aa,44,Cambodia,794,Kampong Chhnang,NO,3000,Member State,1000,0.4401159544,4.193322103,0.4155544228,0.3866862477,1,0.2446481788,2021
0_000000000000000000ab,44,Cambodia,795,Kampong Speu,NO,3000,Member State,1000,0.5775433974,4.497900831,0.4475243136,0.410129925,1,0.213172285,2021
0_000000000000000000ac,44,Cambodia,796,Kampong Thom,NO,3000,Member State,1000,1.037093382,6.976872051,0.5525503291,0.5664014109,1,0.2380418425,2021
0_000000000000000000ad,44,Cambodia,797,Kampot,NO,3000,Member State,1000,0.3883810755,3.587786638,0.5426906651,0.542962567,1,0.2306827741,2021
0_000000000000000000ae,44,Cambodia,798,Kandal,NO,3000,Member State,1000,0.2949470551,4.935718016,0.3807300683,0.433579603,1,0.3303230549,2021
0_000000000000000000af,44,Cambodia,800,Kep,NO,3000,Member State,1000,0.01260676424,0.8511547275,0.4134358733,0.4023503813,1,0.2418252871,2021
0_000000000000000000b0,44,Cambodia,799,Koh Kong,NO,3000,Member State,1000,0.9968448838,7.337115505,0.7409323613,0.8243645514,1,0.1933451928,2021
0_000000000000000000b1,44,Cambodia,801,Kratie,NO,3000,Member State,1000,0.9955412798,6.372926476,0.4837780698,0.4882760824,1,0.2430876018,2021
0_000000000000000000b2,44,Cambodia,803,Mondul Kiri,NO,3000,Member State,1000,1.131673463,6.150690158,0.5565342767,0.5820342289,1,0.1938861564,2021
0_000000000000000000b5,44,Cambodia,806,Phnom Penh,NO,3000,Member State,1000,0.03116094386,1.066500082,0.2161236964,0.2070371719,1,0.263277349,2021
0_000000000000000000b6,44,Cambodia,802,Preah Sihanouk,NO,3000,Member State,1000,0.1326968649,3.919131182,0.5527542882,0.6210906929,1,0.258874892,2021
0_000000000000000000b7,44,Cambodia,807,Preah Vihear,NO,3000,Member State,1000,1.171947069,6.384016149,0.5242095067,0.5351604572,1,0.1933739221,2021
0_000000000000000000b8,44,Cambodia,808,Prey Veng,NO,3000,Member State,1000,0.3932775827,3.582943269,0.4205019559,0.3632433151,1,0.2600325118,2021
0_000000000000000000b9,44,Cambodia,809,Pursat,NO,3000,Member State,1000,0.9605296656,7.061150894,0.5955712003,0.6523654723,1,0.2243011842,2021
0_000000000000000000ba,44,Cambodia,810,Ratanak Kiri,NO,3000,Member State,1000,0.9851667197,6.15269804,0.6419664485,0.6914075407,1,0.2240875741,2021
0_000000000000000000bc,44,Cambodia,812,Stung Treng,NO,3000,Member State,1000,1.009749037,6.2978308,0.6094477751,0.6835872198,1,0.29115012,2021
0_000000000000000000bd,44,Cambodia,813,Svay Rieng,NO,3000,Member State,1000,0.2366272897,3.115029868,0.4001359861,0.3710682869,1,0.1821977528,2021
0_000000000000000000be,44,Cambodia,814,Takeo,NO,3000,Member State,1000,0.2864885141,3.1252766,0.4275023882,0.3788513569,1,0.2457799821,2021
1_000000000000000000b3,44,Cambodia,804,Otdar Meanchey,NO,3000,Member State,1995,0.5532486009,4.551822637,0.3209003781,0.2851267007,2,0.1572929561,2021
1_000000000000000000bb,44,Cambodia,811,Siem Reap,NO,3000,Member State,1995,0.8808367611,5.580395136,0.3898546032,0.331986361,2,0.1961307046,2021
1_000000000000000000a8,44,Cambodia,792,Battambang,NO,3000,Member State,1997,0.9882713243,6.08763043,0.378650317,0.3085502147,2,0.2012896668,2021
1_000000000000000000b4,44,Cambodia,805,Pailin,NO,3000,Member State,1997,0.08886359898,1.471673162,0.4587315295,0.4023335075,2,0.2242342701,2021
1_000000000000000000a5,44,Cambodia,65290,Area under National Administration 1,NO,3000,Member State,1000,0.2122933686,5.269380318,-0.1059438244,-0.1367767505,2,0.1841411784,2021
1_000000000000000000a6,44,Cambodia,65289,Area under National Administration 2,NO,3000,Member State,1000,8.00E-04,0.3798973226,0.6225932619,0.6759132084,2,0.2139249859,2021
1_000000000000000000a7,44,Cambodia,791,Banteay Meanchey,NO,3000,Member State,1000,0.5109201907,4.57108768,0.3137556864,0.2616680939,2,0.1743586157,2021
1_000000000000000000a9,44,Cambodia,793,Kampong Cham,NO,3000,Member State,1000,0.7840018665,7.041655791,0.4470976231,0.4257580378,2,0.2591654641,2021
1_000000000000000000aa,44,Cambodia,794,Kampong Chhnang,NO,3000,Member State,1000,0.4401159544,4.193322103,0.387122083,0.3319920475,2,0.2201459921,2021
1_000000000000000000ab,44,Cambodia,795,Kampong Speu,NO,3000,Member State,1000,0.5775433974,4.497900831,0.367816886,0.3163662252,2,0.1881960806,2021
1_000000000000000000ac,44,Cambodia,796,Kampong Thom,NO,3000,Member State,1000,1.037093382,6.976872051,0.5014361289,0.5038774405,2,0.2264267971,2021
1_000000000000000000ad,44,Cambodia,797,Kampot,NO,3000,Member State,1000,0.3883810755,3.587786638,0.4884670653,0.4491844713,2,0.2275367444,2021
1_000000000000000000ae,44,Cambodia,798,Kandal,NO,3000,Member State,1000,0.2949470551,4.935718016,0.4288328379,0.4804749311,2,0.3446637206,2021
1_000000000000000000af,44,Cambodia,800,Kep,NO,3000,Member State,1000,0.01260676424,0.8511547275,0.4345839381,0.4101425436,2,0.2338117461,2021
1_000000000000000000b0,44,Cambodia,799,Koh Kong,NO,3000,Member State,1000,0.9968448838,7.337115505,0.7101335251,0.8008374264,2,0.2066293254,2021
1_000000000000000000b1,44,Cambodia,801,Kratie,NO,3000,Member State,1000,0.9955412798,6.372926476,0.3675791745,0.3085576035,2,0.2276347994,2021
1_000000000000000000b2,44,Cambodia,803,Mondul Kiri,NO,3000,Member State,1000,1.131673463,6.150690158,0.417662644,0.3632559534,2,0.2049162647,2021
1_000000000000000000b5,44,Cambodia,806,Phnom Penh,NO,3000,Member State,1000,0.03116094386,1.066500082,0.2155362611,0.1991582552,2,0.2720893442,2021
1_000000000000000000b6,44,Cambodia,802,Preah Sihanouk,NO,3000,Member State,1000,0.1326968649,3.919131182,0.5053109184,0.5351762318,2,0.2581016638,2021
1_000000000000000000b7,44,Cambodia,807,Preah Vihear,NO,3000,Member State,1000,1.171947069,6.384016149,0.3704386954,0.3085519161,2,0.1927880082,2021
1_000000000000000000b8,44,Cambodia,808,Prey Veng,NO,3000,Member State,1000,0.3932775827,3.582943269,0.3868645314,0.3241894511,2,0.2530349597,2021
1_000000000000000000b9,44,Cambodia,809,Pursat,NO,3000,Member State,1000,0.9605296656,7.061150894,0.5274509184,0.542973864,2,0.2347294393,2021
1_000000000000000000ba,44,Cambodia,810,Ratanak Kiri,NO,3000,Member State,1000,0.9851667197,6.15269804,0.5353528107,0.5507773151,2,0.2530840157,2021
1_000000000000000000bc,44,Cambodia,812,Stung Treng,NO,3000,Member State,1000,1.009749037,6.2978308,0.4762190071,0.4648286641,2,0.2907617861,2021
1_000000000000000000bd,44,Cambodia,813,Svay Rieng,NO,3000,Member State,1000,0.2366272897,3.115029868,0.3820416499,0.3476334983,2,0.1872290063,2021
1_000000000000000000be,44,Cambodia,814,Takeo,NO,3000,Member State,1000,0.2864885141,3.1252766,0.4665544147,0.3945082283,2,0.2488672592,2021
2_000000000000000000b3,44,Cambodia,804,Otdar Meanchey,NO,3000,Member State,1995,0.5532486009,4.551822637,0.2888379766,0.2460542645,3,0.1530208847,2021
2_000000000000000000bb,44,Cambodia,811,Siem Reap,NO,3000,Member State,1995,0.8808367611,5.580395136,0.3005724746,0.2538524559,3,0.1685854982,2021
2_000000000000000000a8,44,Cambodia,792,Battambang,NO,3000,Member State,1997,0.9882713243,6.08763043,0.3086061477,0.2460481139,3,0.1899555895,2021
2_000000000000000000b4,44,Cambodia,805,Pailin,NO,3000,Member State,1997,0.08886359898,1.471673162,0.409580235,0.3476383938,3,0.2400854489,2021
2_000000000000000000a5,44,Cambodia,65290,Area under National Administration 1,NO,3000,Member State,1000,0.2122933686,5.269380318,-0.00152339545,-0.05061934098,3,0.1843330283,2021
2_000000000000000000a6,44,Cambodia,65289,Area under National Administration 2,NO,3000,Member State,1000,8.00E-04,0.3798973226,0.61357032,0.7306901705,3,0.2672694339,2021
2_000000000000000000a7,44,Cambodia,791,Banteay Meanchey,NO,3000,Member State,1000,0.5109201907,4.57108768,0.2569577139,0.2147997352,3,0.146800914,2021
2_000000000000000000a9,44,Cambodia,793,Kampong Cham,NO,3000,Member State,1000,0.7840018665,7.041655791,0.4194633631,0.378894191,3,0.258936109,2021
2_000000000000000000aa,44,Cambodia,794,Kampong Chhnang,NO,3000,Member State,1000,0.4401159544,4.193322103,0.3510753892,0.3007450261,3,0.1926981023,2021
2_000000000000000000ab,44,Cambodia,795,Kampong Speu,NO,3000,Member State,1000,0.5775433974,4.497900831,0.3225835284,0.2772931116,3,0.1660956619,2021
2_000000000000000000ac,44,Cambodia,796,Kampong Thom,NO,3000,Member State,1000,1.037093382,6.976872051,0.4398424543,0.4023320496,3,0.2322140643,2021
2_000000000000000000ad,44,Cambodia,797,Kampot,NO,3000,Member State,1000,0.3883810755,3.587786638,0.4316499365,0.3710652778,3,0.2301713654,2021
2_000000000000000000ae,44,Cambodia,798,Kandal,NO,3000,Member State,1000,0.2949470551,4.935718016,0.379839067,0.38670972,3,0.275136571,2021
2_000000000000000000af,44,Cambodia,800,Kep,NO,3000,Member State,1000,0.01260676424,0.8511547275,0.411182076,0.3788629978,3,0.2401540988,2021
2_000000000000000000b0,44,Cambodia,799,Koh Kong,NO,3000,Member State,1000,0.9968448838,7.337115505,0.6286587887,0.7305297602,3,0.237198138,2021
2_000000000000000000b1,44,Cambodia,801,Kratie,NO,3000,Member State,1000,0.9955412798,6.372926476,0.3646175462,0.3085668233,3,0.2190678034,2021
2_000000000000000000b2,44,Cambodia,803,Mondul Kiri,NO,3000,Member State,1000,1.131673463,6.150690158,0.4379518505,0.4023302079,3,0.1891824459,2021
2_000000000000000000b5,44,Cambodia,806,Phnom Penh,NO,3000,Member State,1000,0.03116094386,1.066500082,0.194095804,0.183596003,3,0.198740818,2021
2_000000000000000000b6,44,Cambodia,802,Preah Sihanouk,NO,3000,Member State,1000,0.1326968649,3.919131182,0.5141459727,0.535152219,3,0.2793458198,2021
2_000000000000000000b7,44,Cambodia,807,Preah Vihear,NO,3000,Member State,1000,1.171947069,6.384016149,0.3421517455,0.2929418176,3,0.1834899375,2021
2_000000000000000000b8,44,Cambodia,808,Prey Veng,NO,3000,Member State,1000,0.3932775827,3.582943269,0.2916023145,0.2382384195,3,0.1912883627,2021
2_000000000000000000b9,44,Cambodia,809,Pursat,NO,3000,Member State,1000,0.9605296656,7.061150894,0.4299691401,0.38670936,3,0.2388375687,2021
2_000000000000000000ba,44,Cambodia,810,Ratanak Kiri,NO,3000,Member State,1000,0.9851667197,6.15269804,0.5125461698,0.48044226,3,0.2448440265,2021
2_000000000000000000bc,44,Cambodia,812,Stung Treng,NO,3000,Member State,1000,1.009749037,6.2978308,0.4572227426,0.4023012459,3,0.2737561125,2021
2_000000000000000000bd,44,Cambodia,813,Svay Rieng,NO,3000,Member State,1000,0.2366272897,3.115029868,0.2915348904,0.2616584101,3,0.1475103889,2021
2_000000000000000000be,44,Cambodia,814,Takeo,NO,3000,Member State,1000,0.2864885141,3.1252766,0.343604357,0.2851037081,3,0.177053181,2021
3_000000000000000000b3,44,Cambodia,804,Otdar Meanchey,NO,3000,Member State,1995,0.5532486009,4.551822637,0.3722175564,0.3613388257,4,0.1372956758,2021
3_000000000000000000bb,44,Cambodia,811,Siem Reap,NO,3000,Member State,1995,0.8808367611,5.580395136,0.4587411894,0.4979787991,4,0.2157024942,2021
3_000000000000000000a8,44,Cambodia,792,Battambang,NO,3000,Member State,1997,0.9882713243,6.08763043,,,4,,2021
3_000000000000000000b4,44,Cambodia,805,Pailin,NO,3000,Member State,1997,0.08886359898,1.471673162,,,4,,2021
3_000000000000000000a5,44,Cambodia,65290,Area under National Administration 1,NO,3000,Member State,1000,0.2122933686,5.269380318,,,4,,2021
3_000000000000000000a6,44,Cambodia,65289,Area under National Administration 2,NO,3000,Member State,1000,8.00E-04,0.3798973226,0.6899966,0.8008374787,4,0.2596494998,2021
3_000000000000000000a7,44,Cambodia,791,Banteay Meanchey,NO,3000,Member State,1000,0.5109201907,4.57108768,0.3456312133,0.3163620692,4,0.1889177005,2021
3_000000000000000000a9,44,Cambodia,793,Kampong Cham,NO,3000,Member State,1000,0.7840018665,7.041655791,0.4966576774,0.5174286891,4,0.2880905773,2021
3_000000000000000000aa,44,Cambodia,794,Kampong Chhnang,NO,3000,Member State,1000,0.4401159544,4.193322103,,,4,,2021
3_000000000000000000ab,44,Cambodia,795,Kampong Speu,NO,3000,Member State,1000,0.5775433974,4.497900831,,,4,,2021
3_000000000000000000ac,44,Cambodia,796,Kampong Thom,NO,3000,Member State,1000,1.037093382,6.976872051,0.5028271341,0.5273333471,4,0.2586285867,2021
3_000000000000000000ad,44,Cambodia,797,Kampot,NO,3000,Member State,1000,0.3883810755,3.587786638,,,4,,2021
3_000000000000000000ae,44,Cambodia,798,Kandal,NO,3000,Member State,1000,0.2949470551,4.935718016,,,4,,2021
3_000000000000000000af,44,Cambodia,800,Kep,NO,3000,Member State,1000,0.01260676424,0.8511547275,,,4,,2021
3_000000000000000000b0,44,Cambodia,799,Koh Kong,NO,3000,Member State,1000,0.9968448838,7.337115505,,,4,,2021
3_000000000000000000b1,44,Cambodia,801,Kratie,NO,3000,Member State,1000,0.9955412798,6.372926476,0.448204484,0.4804586091,4,0.2860031001,2021
3_000000000000000000b2,44,Cambodia,803,Mondul Kiri,NO,3000,Member State,1000,1.131673463,6.150690158,0.4690576188,0.4413865289,4,0.2037244101,2021
3_000000000000000000b5,44,Cambodia,806,Phnom Penh,NO,3000,Member State,1000,0.03116094386,1.066500082,,,4,,2021
3_000000000000000000b6,44,Cambodia,802,Preah Sihanouk,NO,3000,Member State,1000,0.1326968649,3.919131182,,,4,,2021
3_000000000000000000b7,44,Cambodia,807,Preah Vihear,NO,3000,Member State,1000,1.171947069,6.384016149,0.4941048642,0.5038768097,4,0.2096005466,2021
3_000000000000000000b8,44,Cambodia,808,Prey Veng,NO,3000,Member State,1000,0.3932775827,3.582943269,,,4,,2021
3_000000000000000000b9,44,Cambodia,809,Pursat,NO,3000,Member State,1000,0.9605296656,7.061150894,,,4,,2021
3_000000000000000000ba,44,Cambodia,810,Ratanak Kiri,NO,3000,Member State,1000,0.9851667197,6.15269804,0.5048373664,0.4960431238,4,0.2390499074,2021
3_000000000000000000bc,44,Cambodia,812,Stung Treng,NO,3000,Member State,1000,1.009749037,6.2978308,0.492071681,0.4960466139,4,0.2660290012,2021
3_000000000000000000bd,44,Cambodia,813,Svay Rieng,NO,3000,Member State,1000,0.2366272897,3.115029868,,,4,,2021
3_000000000000000000be,44,Cambodia,814,Takeo,NO,3000,Member State,1000,0.2864885141,3.1252766,,,4,,2021
4_000000000000000000b3,44,Cambodia,804,Otdar Meanchey,NO,3000,Member State,1995,0.5532486009,4.551822637,0.3359922464,0.3085786705,5,0.1951067076,2021
4_000000000000000000bb,44,Cambodia,811,Siem Reap,NO,3000,Member State,1995,0.8808367611,5.580395136,0.3474281712,0.3007822639,5,0.2254598287,2021
4_000000000000000000a8,44,Cambodia,792,Battambang,NO,3000,Member State,1997,0.9882713243,6.08763043,0.4375203811,0.4179623399,5,0.2473869261,2021
4_000000000000000000b4,44,Cambodia,805,Pailin,NO,3000,Member State,1997,0.08886359898,1.471673162,0.6158007501,0.6914199553,5,0.2447109566,2021
4_000000000000000000a5,44,Cambodia,65290,Area under National Administration 1,NO,3000,Member State,1000,0.2122933686,5.269380318,0.2704202696,0.2852051263,5,0.49853428,2021
4_000000000000000000a6,44,Cambodia,65289,Area under National Administration 2,NO,3000,Member State,1000,8.00E-04,0.3798973226,,,5,,2021
4_000000000000000000a7,44,Cambodia,791,Banteay Meanchey,NO,3000,Member State,1000,0.5109201907,4.57108768,0.3290605379,0.2851358217,5,0.2135532621,2021
4_000000000000000000a9,44,Cambodia,793,Kampong Cham,NO,3000,Member State,1000,0.7840018665,7.041655791,0.4945590318,0.5351671173,5,0.3045148955,2021
4_000000000000000000aa,44,Cambodia,794,Kampong Chhnang,NO,3000,Member State,1000,0.4401159544,4.193322103,0.458458731,0.4492051313,5,0.2704155238,2021
4_000000000000000000ab,44,Cambodia,795,Kampong Speu,NO,3000,Member State,1000,0.5775433974,4.497900831,0.4519992495,0.4414099743,5,0.25695865,2021
4_000000000000000000ac,44,Cambodia,796,Kampong Thom,NO,3000,Member State,1000,1.037093382,6.976872051,0.497518506,0.5117168365,5,0.274987859,2021
4_000000000000000000ad,44,Cambodia,797,Kampot,NO,3000,Member State,1000,0.3883810755,3.587786638,0.4860309811,0.4804868417,5,0.2744141906,2021
4_000000000000000000ae,44,Cambodia,798,Kandal,NO,3000,Member State,1000,0.2949470551,4.935718016,0.4505467932,0.5038811314,5,0.3377808796,2021
4_000000000000000000af,44,Cambodia,800,Kep,NO,3000,Member State,1000,0.01260676424,0.8511547275,0.4962292717,0.4960006871,5,0.2798186469,2021
4_000000000000000000b0,44,Cambodia,799,Koh Kong,NO,3000,Member State,1000,0.9968448838,7.337115505,,,5,,2021
4_000000000000000000b1,44,Cambodia,801,Kratie,NO,3000,Member State,1000,0.9955412798,6.372926476,0.5158282632,0.6367360398,5,0.3479414211,2021
4_000000000000000000b2,44,Cambodia,803,Mondul Kiri,NO,3000,Member State,1000,1.131673463,6.150690158,0.5585740817,0.5898468044,5,0.183798551,2021
4_000000000000000000b5,44,Cambodia,806,Phnom Penh,NO,3000,Member State,1000,0.03116094386,1.066500082,0.2200770262,0.1835510363,5,0.3213268065,2021
4_000000000000000000b6,44,Cambodia,802,Preah Sihanouk,NO,3000,Member State,1000,0.1326968649,3.919131182,,,5,,2021
4_000000000000000000b7,44,Cambodia,807,Preah Vihear,NO,3000,Member State,1000,1.171947069,6.384016149,0.5793052053,0.6523590013,5,0.2374922913,2021
4_000000000000000000b8,44,Cambodia,808,Prey Veng,NO,3000,Member State,1000,0.3932775827,3.582943269,0.3932222984,0.371072949,5,0.2355434541,2021
4_000000000000000000b9,44,Cambodia,809,Pursat,NO,3000,Member State,1000,0.9605296656,7.061150894,0.6124360339,0.6836726865,5,0.2356668625,2021
4_000000000000000000ba,44,Cambodia,810,Ratanak Kiri,NO,3000,Member State,1000,0.9851667197,6.15269804,0.4997551496,0.4960481919,5,0.2401907748,2021
4_000000000000000000bc,44,Cambodia,812,Stung Treng,NO,3000,Member State,1000,1.009749037,6.2978308,0.5529391491,0.6757931323,5,0.3130237046,2021
4_000000000000000000bd,44,Cambodia,813,Svay Rieng,NO,3000,Member State,1000,0.2366272897,3.115029868,0.3211018036,0.3007663901,5,0.1724536187,2021
4_000000000000000000be,44,Cambodia,814,Takeo,NO,3000,Member State,1000,0.2864885141,3.1252766,0.4006190879,0.3554442307,5,0.2515827901,2021
5_000000000000000000b3,44,Cambodia,804,Otdar Meanchey,NO,3000,Member State,1995,0.5532486009,4.551822637,0.4833426633,0.4726447044,6,0.2256120886,2021
5_000000000000000000bb,44,Cambodia,811,Siem Reap,NO,3000,Member State,1995,0.8808367611,5.580395136,0.476419398,0.4492019042,6,0.2378492587,2021
5_000000000000000000a8,44,Cambodia,792,Battambang,NO,3000,Member State,1997,0.9882713243,6.08763043,0.5162523203,0.550796174,6,0.2506978603,2021
5_000000000000000000b4,44,Cambodia,805,Pailin,NO,3000,Member State,1997,0.08886359898,1.471673162,0.6338444767,0.6601287859,6,0.2183358895,2021
5_000000000000000000a5,44,Cambodia,65290,Area under National Administration 1,NO,3000,Member State,1000,0.2122933686,5.269380318,0.01377639912,-0.03500844697,6,0.2783039665,2021
5_000000000000000000a6,44,Cambodia,65289,Area under National Administration 2,NO,3000,Member State,1000,8.00E-04,0.3798973226,0.811831811,0.9261948843,6,0.28030319,2021
5_000000000000000000a7,44,Cambodia,791,Banteay Meanchey,NO,3000,Member State,1000,0.5109201907,4.57108768,0.4472065101,0.4414052793,6,0.2251878022,2021
5_000000000000000000a9,44,Cambodia,793,Kampong Cham,NO,3000,Member State,1000,0.7840018665,7.041655791,0.5539636554,0.5976676762,6,0.2651089457,2021
5_000000000000000000aa,44,Cambodia,794,Kampong Chhnang,NO,3000,Member State,1000,0.4401159544,4.193322103,0.4857383677,0.4882798676,6,0.2631801353,2021
5_000000000000000000ab,44,Cambodia,795,Kampong Speu,NO,3000,Member State,1000,0.5775433974,4.497900831,0.554837589,0.5898543432,6,0.2574051428,2021
5_000000000000000000ac,44,Cambodia,796,Kampong Thom,NO,3000,Member State,1000,1.037093382,6.976872051,0.5541661366,0.5898486641,6,0.2443116822,2021
5_000000000000000000ad,44,Cambodia,797,Kampot,NO,3000,Member State,1000,0.3883810755,3.587786638,0.5512920289,0.5742248152,6,0.2753204514,2021
5_000000000000000000ae,44,Cambodia,798,Kandal,NO,3000,Member State,1000,0.2949470551,4.935718016,0.472333384,0.5429624174,6,0.3348263818,2021
5_000000000000000000af,44,Cambodia,800,Kep,NO,3000,Member State,1000,0.01260676424,0.8511547275,0.4885808876,0.4804570699,6,0.2740233871,2021
5_000000000000000000b0,44,Cambodia,799,Koh Kong,NO,3000,Member State,1000,0.9968448838,7.337115505,0.688520006,0.8165007257,6,0.2551125664,2021
5_000000000000000000b1,44,Cambodia,801,Kratie,NO,3000,Member State,1000,0.9955412798,6.372926476,0.6010069175,0.6758027022,6,0.2597564202,2021
5_000000000000000000b2,44,Cambodia,803,Mondul Kiri,NO,3000,Member State,1000,1.131673463,6.150690158,0.7143715433,0.8008581169,6,0.1944658831,2021
5_000000000000000000b5,44,Cambodia,806,Phnom Penh,NO,3000,Member State,1000,0.03116094386,1.066500082,0.2283179186,0.191343546,6,0.3081524069,2021
5_000000000000000000b6,44,Cambodia,802,Preah Sihanouk,NO,3000,Member State,1000,0.1326968649,3.919131182,0.5929969235,0.6835939982,6,0.2838935222,2021
5_000000000000000000b7,44,Cambodia,807,Preah Vihear,NO,3000,Member State,1000,1.171947069,6.384016149,0.6622915344,0.7304981309,6,0.1956595318,2021
5_000000000000000000b8,44,Cambodia,808,Prey Veng,NO,3000,Member State,1000,0.3932775827,3.582943269,0.4948983095,0.5117171456,6,0.2420435048,2021
5_000000000000000000b9,44,Cambodia,809,Pursat,NO,3000,Member State,1000,0.9605296656,7.061150894,0.6616419188,0.7695523608,6,0.2457756035,2021
5_000000000000000000ba,44,Cambodia,810,Ratanak Kiri,NO,3000,Member State,1000,0.9851667197,6.15269804,0.5794934684,0.6523541085,6,0.2358217282,2021
5_000000000000000000bc,44,Cambodia,812,Stung Treng,NO,3000,Member State,1000,1.009749037,6.2978308,0.6399628309,0.7695833451,6,0.2909859504,2021
5_000000000000000000bd,44,Cambodia,813,Svay Rieng,NO,3000,Member State,1000,0.2366272897,3.115029868,0.3777464665,0.3632831806,6,0.2176927363,2021
5_000000000000000000be,44,Cambodia,814,Takeo,NO,3000,Member State,1000,0.2864885141,3.1252766,0.4327622328,0.3867078769,6,0.2403305628,2021
6_000000000000000000b3,44,Cambodia,804,Otdar Meanchey,NO,3000,Member State,1995,0.5532486009,4.551822637,0.4900660914,0.4882808246,7,0.2226379611,2021
6_000000000000000000bb,44,Cambodia,811,Siem Reap,NO,3000,Member State,1995,0.8808367611,5.580395136,0.4634652075,0.4335730365,7,0.2314819785,2021
6_000000000000000000a8,44,Cambodia,792,Battambang,NO,3000,Member State,1997,0.9882713243,6.08763043,0.5067989713,0.527342358,7,0.2430005014,2021
6_000000000000000000b4,44,Cambodia,805,Pailin,NO,3000,Member State,1997,0.08886359898,1.471673162,0.5810881769,0.6054826924,7,0.2207107887,2021
6_000000000000000000a5,44,Cambodia,65290,Area under National Administration 1,NO,3000,Member State,1000,0.2122933686,5.269380318,-0.06389659158,-0.07403975523,7,0.3123645596,2021
6_000000000000000000a6,44,Cambodia,65289,Area under National Administration 2,NO,3000,Member State,1000,8.00E-04,0.3798973226,0.732194907,0.9183538016,7,0.3353020878,2021
6_000000000000000000a7,44,Cambodia,791,Banteay Meanchey,NO,3000,Member State,1000,0.5109201907,4.57108768,0.4645325218,0.4648426323,7,0.2300171065,2021
6_000000000000000000a9,44,Cambodia,793,Kampong Cham,NO,3000,Member State,1000,0.7840018665,7.041655791,0.5311116628,0.5664000299,7,0.2608346431,2021
6_000000000000000000aa,44,Cambodia,794,Kampong Chhnang,NO,3000,Member State,1000,0.4401159544,4.193322103,0.5002233129,0.5117150694,7,0.2657895023,2021
6_000000000000000000ab,44,Cambodia,795,Kampong Speu,NO,3000,Member State,1000,0.5775433974,4.497900831,0.5536002019,0.5820389713,7,0.2609898656,2021
6_000000000000000000ac,44,Cambodia,796,Kampong Thom,NO,3000,Member State,1000,1.037093382,6.976872051,0.5241267755,0.535158251,7,0.2386812212,2021
6_000000000000000000ad,44,Cambodia,797,Kampot,NO,3000,Member State,1000,0.3883810755,3.587786638,0.5491553921,0.5585796501,7,0.2720464945,2021
6_000000000000000000ae,44,Cambodia,798,Kandal,NO,3000,Member State,1000,0.2949470551,4.935718016,0.448620529,0.5117208175,7,0.3422806686,2021
6_000000000000000000af,44,Cambodia,800,Kep,NO,3000,Member State,1000,0.01260676424,0.8511547275,0.5180674861,0.5194906783,7,0.2847919857,2021
6_000000000000000000b0,44,Cambodia,799,Koh Kong,NO,3000,Member State,1000,0.9968448838,7.337115505,0.6867678211,0.8008347773,7,0.2422016679,2021
6_000000000000000000b1,44,Cambodia,801,Kratie,NO,3000,Member State,1000,0.9955412798,6.372926476,0.5502357484,0.5976606811,7,0.2474192756,2021
6_000000000000000000b2,44,Cambodia,803,Mondul Kiri,NO,3000,Member State,1000,1.131673463,6.150690158,0.7030719576,0.7852384602,7,0.1895348524,2021
6_000000000000000000b5,44,Cambodia,806,Phnom Penh,NO,3000,Member State,1000,0.03116094386,1.066500082,0.2378120201,0.2070087798,7,0.3032154683,2021
6_000000000000000000b6,44,Cambodia,802,Preah Sihanouk,NO,3000,Member State,1000,0.1326968649,3.919131182,0.5705165185,0.6367039425,7,0.2844515205,2021
6_000000000000000000b7,44,Cambodia,807,Preah Vihear,NO,3000,Member State,1000,1.171947069,6.384016149,0.6370042461,0.707061455,7,0.2027910897,2021
6_000000000000000000b8,44,Cambodia,808,Prey Veng,NO,3000,Member State,1000,0.3932775827,3.582943269,0.4616155593,0.4804746577,7,0.2449934649,2021
6_000000000000000000b9,44,Cambodia,809,Pursat,NO,3000,Member State,1000,0.9605296656,7.061150894,0.6455157459,0.7304931294,7,0.2396291702,2021
6_000000000000000000ba,44,Cambodia,810,Ratanak Kiri,NO,3000,Member State,1000,0.9851667197,6.15269804,0.6225502997,0.6992338467,7,0.2307236174,2021
6_000000000000000000bc,44,Cambodia,812,Stung Treng,NO,3000,Member State,1000,1.009749037,6.2978308,0.5856331728,0.7148533725,7,0.3131753268,2021
6_000000000000000000bd,44,Cambodia,813,Svay Rieng,NO,3000,Member State,1000,0.2366272897,3.115029868,0.3827984609,0.3554796483,7,0.2376665984,2021
6_000000000000000000be,44,Cambodia,814,Takeo,NO,3000,Member State,1000,0.2864885141,3.1252766,0.4682025287,0.4492116691,7,0.238261783,2021
7_000000000000000000b3,44,Cambodia,804,Otdar Meanchey,NO,3000,Member State,1995,0.5532486009,4.551822637,0.5867893902,0.6289040472,8,0.2209622874,2021
7_000000000000000000bb,44,Cambodia,811,Siem Reap,NO,3000,Member State,1995,0.8808367611,5.580395136,0.5795709244,0.6054496217,8,0.2333688068,2021
7_000000000000000000a8,44,Cambodia,792,Battambang,NO,3000,Member State,1997,0.9882713243,6.08763043,0.6027991002,0.6445604763,8,0.2451607884,2021
7_000000000000000000b4,44,Cambodia,805,Pailin,NO,3000,Member State,1997,0.08886359898,1.471673162,,,8,,2021
7_000000000000000000a5,44,Cambodia,65290,Area under National Administration 1,NO,3000,Member State,1000,0.2122933686,5.269380318,-0.3055743652,-0.3554384569,8,0.3782096739,2021
7_000000000000000000a6,44,Cambodia,65289,Area under National Administration 2,NO,3000,Member State,1000,8.00E-04,0.3798973226,0.8258204634,0.9261534922,8,0.2830379701,2021
7_000000000000000000a7,44,Cambodia,791,Banteay Meanchey,NO,3000,Member State,1000,0.5109201907,4.57108768,,,8,,2021
7_000000000000000000a9,44,Cambodia,793,Kampong Cham,NO,3000,Member State,1000,0.7840018665,7.041655791,,,8,,2021
7_000000000000000000aa,44,Cambodia,794,Kampong Chhnang,NO,3000,Member State,1000,0.4401159544,4.193322103,0.5599116582,0.5898453582,8,0.2554166977,2021
7_000000000000000000ab,44,Cambodia,795,Kampong Speu,NO,3000,Member State,1000,0.5775433974,4.497900831,0.6771245211,0.7382952328,8,0.2104349548,2021
7_000000000000000000ac,44,Cambodia,796,Kampong Thom,NO,3000,Member State,1000,1.037093382,6.976872051,0.511692976,0.5351501723,8,0.2534511712,2021
7_000000000000000000ad,44,Cambodia,797,Kampot,NO,3000,Member State,1000,0.3883810755,3.587786638,0.6800977036,0.7460875712,8,0.2314285139,2021
7_000000000000000000ae,44,Cambodia,798,Kandal,NO,3000,Member State,1000,0.2949470551,4.935718016,,,8,,2021
7_000000000000000000af,44,Cambodia,800,Kep,NO,3000,Member State,1000,0.01260676424,0.8511547275,0.567389031,0.6680197441,8,0.3626844344,2021
7_000000000000000000b0,44,Cambodia,799,Koh Kong,NO,3000,Member State,1000,0.9968448838,7.337115505,0.774085561,0.8681899258,8,0.2074656211,2021
7_000000000000000000b1,44,Cambodia,801,Kratie,NO,3000,Member State,1000,0.9955412798,6.372926476,,,8,,2021
7_000000000000000000b2,44,Cambodia,803,Mondul Kiri,NO,3000,Member State,1000,1.131673463,6.150690158,,,8,,2021
7_000000000000000000b5,44,Cambodia,806,Phnom Penh,NO,3000,Member State,1000,0.03116094386,1.066500082,,,8,,2021
7_000000000000000000b6,44,Cambodia,802,Preah Sihanouk,NO,3000,Member State,1000,0.1326968649,3.919131182,0.6855383137,0.761742197,8,0.226790002,2021
7_000000000000000000b7,44,Cambodia,807,Preah Vihear,NO,3000,Member State,1000,1.171947069,6.384016149,0.6827004259,0.7461019583,8,0.196688294,2021
7_000000000000000000b8,44,Cambodia,808,Prey Veng,NO,3000,Member State,1000,0.3932775827,3.582943269,,,8,,2021
7_000000000000000000b9,44,Cambodia,809,Pursat,NO,3000,Member State,1000,0.9605296656,7.061150894,0.684030544,0.7851950054,8,0.2351458523,2021
7_000000000000000000ba,44,Cambodia,810,Ratanak Kiri,NO,3000,Member State,1000,0.9851667197,6.15269804,0.6798874976,0.7930459157,8,0.2454872594,2021
7_000000000000000000bc,44,Cambodia,812,Stung Treng,NO,3000,Member State,1000,1.009749037,6.2978308,0.856669758,0.8788952899,8,0.1481386631,2021
7_000000000000000000bd,44,Cambodia,813,Svay Rieng,NO,3000,Member State,1000,0.2366272897,3.115029868,0.3196378805,0.3008418389,8,0.1643734708,2021
7_000000000000000000be,44,Cambodia,814,Takeo,NO,3000,Member State,1000,0.2864885141,3.1252766,0.4631029608,0.4335766828,8,0.2528109185,2021
8_000000000000000000b3,44,Cambodia,804,Otdar Meanchey,NO,3000,Member State,1995,0.5532486009,4.551822637,,,9,,2021
8_000000000000000000bb,44,Cambodia,811,Siem Reap,NO,3000,Member State,1995,0.8808367611,5.580395136,0.5671591907,0.6991888756,9,0.2774838052,2021
8_000000000000000000a8,44,Cambodia,792,Battambang,NO,3000,Member State,1997,0.9882713243,6.08763043,,,9,,2021
8_000000000000000000b4,44,Cambodia,805,Pailin,NO,3000,Member State,1997,0.08886359898,1.471673162,,,9,,2021
8_000000000000000000a5,44,Cambodia,65290,Area under National Administration 1,NO,3000,Member State,1000,0.2122933686,5.269380318,,,9,,2021
8_000000000000000000a6,44,Cambodia,65289,Area under National Administration 2,NO,3000,Member State,1000,8.00E-04,0.3798973226,,,9,,2021
8_000000000000000000a7,44,Cambodia,791,Banteay Meanchey,NO,3000,Member State,1000,0.5109201907,4.57108768,0.594476735,0.6364893526,9,0.2026378323,2021
8_000000000000000000a9,44,Cambodia,793,Kampong Cham,NO,3000,Member State,1000,0.7840018665,7.041655791,,,9,,2021
8_000000000000000000aa,44,Cambodia,794,Kampong Chhnang,NO,3000,Member State,1000,0.4401159544,4.193322103,,,9,,2021
8_000000000000000000ab,44,Cambodia,795,Kampong Speu,NO,3000,Member State,1000,0.5775433974,4.497900831,0.6879212002,0.7382968432,9,0.2029776784,2021
8_000000000000000000ac,44,Cambodia,796,Kampong Thom,NO,3000,Member State,1000,1.037093382,6.976872051,,,9,,2021
8_000000000000000000ad,44,Cambodia,797,Kampot,NO,3000,Member State,1000,0.3883810755,3.587786638,0.6704455969,0.7930144065,9,0.2890896243,2021
8_000000000000000000ae,44,Cambodia,798,Kandal,NO,3000,Member State,1000,0.2949470551,4.935718016,,,9,,2021
8_000000000000000000af,44,Cambodia,800,Kep,NO,3000,Member State,1000,0.01260676424,0.8511547275,,,9,,2021
8_000000000000000000b0,44,Cambodia,799,Koh Kong,NO,3000,Member State,1000,0.9968448838,7.337115505,0.8052751564,0.8945261671,9,0.2282084306,2021
8_000000000000000000b1,44,Cambodia,801,Kratie,NO,3000,Member State,1000,0.9955412798,6.372926476,,,9,,2021
8_000000000000000000b2,44,Cambodia,803,Mondul Kiri,NO,3000,Member State,1000,1.131673463,6.150690158,0.6960340782,0.7930450393,9,0.2123876935,2021
8_000000000000000000b5,44,Cambodia,806,Phnom Penh,NO,3000,Member State,1000,0.03116094386,1.066500082,,,9,,2021
8_000000000000000000b6,44,Cambodia,802,Preah Sihanouk,NO,3000,Member State,1000,0.1326968649,3.919131182,0.6394300422,0.7904036937,9,0.2580447173,2021
8_000000000000000000b7,44,Cambodia,807,Preah Vihear,NO,3000,Member State,1000,1.171947069,6.384016149,0.6327594598,0.7148549491,9,0.2728486493,2021
8_000000000000000000b8,44,Cambodia,808,Prey Veng,NO,3000,Member State,1000,0.3932775827,3.582943269,,,9,,2021
8_000000000000000000b9,44,Cambodia,809,Pursat,NO,3000,Member State,1000,0.9605296656,7.061150894,,,9,,2021
8_000000000000000000ba,44,Cambodia,810,Ratanak Kiri,NO,3000,Member State,1000,0.9851667197,6.15269804,0.7648919486,0.8398979567,9,0.1916707506,2021
8_000000000000000000bc,44,Cambodia,812,Stung Treng,NO,3000,Member State,1000,1.009749037,6.2978308,0.7465588786,0.8635725343,9,0.2557018205,2021
8_000000000000000000bd,44,Cambodia,813,Svay Rieng,NO,3000,Member State,1000,0.2366272897,3.115029868,,,9,,2021
8_000000000000000000be,44,Cambodia,814,Takeo,NO,3000,Member State,1000,0.2864885141,3.1252766,,,9,,2021
9_000000000000000000b3,44,Cambodia,804,Otdar Meanchey,NO,3000,Member State,1995,0.5532486009,4.551822637,0.6071406755,0.660166081,10,0.2360030203,2021
9_000000000000000000bb,44,Cambodia,811,Siem Reap,NO,3000,Member State,1995,0.8808367611,5.580395136,0.5872453226,0.6289067635,10,0.2236649755,2021
9_000000000000000000a8,44,Cambodia,792,Battambang,NO,3000,Member State,1997,0.9882713243,6.08763043,0.6092549565,0.6601961176,10,0.2144569382,2021
9_000000000000000000b4,44,Cambodia,805,Pailin,NO,3000,Member State,1997,0.08886359898,1.471673162,,,10,,2021
9_000000000000000000a5,44,Cambodia,65290,Area under National Administration 1,NO,3000,Member State,1000,0.2122933686,5.269380318,,,10,,2021
9_000000000000000000a6,44,Cambodia,65289,Area under National Administration 2,NO,3000,Member State,1000,8.00E-04,0.3798973226,0.8452570121,0.9338157255,10,0.2742961766,2021
9_000000000000000000a7,44,Cambodia,791,Banteay Meanchey,NO,3000,Member State,1000,0.5109201907,4.57108768,0.4109501526,0.5586046867,10,0.3955810992,2021
9_000000000000000000a9,44,Cambodia,793,Kampong Cham,NO,3000,Member State,1000,0.7840018665,7.041655791,,,10,,2021
9_000000000000000000aa,44,Cambodia,794,Kampong Chhnang,NO,3000,Member State,1000,0.4401159544,4.193322103,,,10,,2021
9_000000000000000000ab,44,Cambodia,795,Kampong Speu,NO,3000,Member State,1000,0.5775433974,4.497900831,,,10,,2021
9_000000000000000000ac,44,Cambodia,796,Kampong Thom,NO,3000,Member State,1000,1.037093382,6.976872051,,,10,,2021
9_000000000000000000ad,44,Cambodia,797,Kampot,NO,3000,Member State,1000,0.3883810755,3.587786638,,,10,,2021
9_000000000000000000ae,44,Cambodia,798,Kandal,NO,3000,Member State,1000,0.2949470551,4.935718016,,,10,,2021
9_000000000000000000af,44,Cambodia,800,Kep,NO,3000,Member State,1000,0.01260676424,0.8511547275,,,10,,2021
9_000000000000000000b0,44,Cambodia,799,Koh Kong,NO,3000,Member State,1000,0.9968448838,7.337115505,0.6320288909,0.8399569351,10,0.4336846619,2021
9_000000000000000000b1,44,Cambodia,801,Kratie,NO,3000,Member State,1000,0.9955412798,6.372926476,,,10,,2021
9_000000000000000000b2,44,Cambodia,803,Mondul Kiri,NO,3000,Member State,1000,1.131673463,6.150690158,,,10,,2021
9_000000000000000000b5,44,Cambodia,806,Phnom Penh,NO,3000,Member State,1000,0.03116094386,1.066500082,,,10,,2021
9_000000000000000000b6,44,Cambodia,802,Preah Sihanouk,NO,3000,Member State,1000,0.1326968649,3.919131182,0.723179714,0.8397710602,10,0.2611401735,2021
9_000000000000000000b7,44,Cambodia,807,Preah Vihear,NO,3000,Member State,1000,1.171947069,6.384016149,0.6913966009,0.7931217126,10,0.2162610463,2021
9_000000000000000000b8,44,Cambodia,808,Prey Veng,NO,3000,Member State,1000,0.3932775827,3.582943269,,,10,,2021
9_000000000000000000b9,44,Cambodia,809,Pursat,NO,3000,Member State,1000,0.9605296656,7.061150894,,,10,,2021
9_000000000000000000ba,44,Cambodia,810,Ratanak Kiri,NO,3000,Member State,1000,0.9851667197,6.15269804,,,10,,2021
9_000000000000000000bc,44,Cambodia,812,Stung Treng,NO,3000,Member State,1000,1.009749037,6.2978308,,,10,,2021
9_000000000000000000bd,44,Cambodia,813,Svay Rieng,NO,3000,Member State,1000,0.2366272897,3.115029868,,,10,,2021
9_000000000000000000be,44,Cambodia,814,Takeo,NO,3000,Member State,1000,0.2864885141,3.1252766,,,10,,2021
10_000000000000000000b3,44,Cambodia,804,Otdar Meanchey,NO,3000,Member State,1995,0.5532486009,4.551822637,0.5764011444,0.6132828444,11,0.2309395504,2021
10_000000000000000000bb,44,Cambodia,811,Siem Reap,NO,3000,Member State,1995,0.8808367611,5.580395136,0.5322815135,0.5820286363,11,0.2926881576,2021
10_000000000000000000a8,44,Cambodia,792,Battambang,NO,3000,Member State,1997,0.9882713243,6.08763043,0.4850622046,0.5176426028,11,0.2214390916,2021
10_000000000000000000b4,44,Cambodia,805,Pailin,NO,3000,Member State,1997,0.08886359898,1.471673162,,,11,,2021
10_000000000000000000a5,44,Cambodia,65290,Area under National Administration 1,NO,3000,Member State,1000,0.2122933686,5.269380318,-0.5753128268,-0.6289868788,11,0.229415083,2021
10_000000000000000000a6,44,Cambodia,65289,Area under National Administration 2,NO,3000,Member State,1000,8.00E-04,0.3798973226,0.7825249315,0.9181963649,11,0.3003639286,2021
10_000000000000000000a7,44,Cambodia,791,Banteay Meanchey,NO,3000,Member State,1000,0.5109201907,4.57108768,0.3811548748,0.4882743746,11,0.3819962058,2021
10_000000000000000000a9,44,Cambodia,793,Kampong Cham,NO,3000,Member State,1000,0.7840018665,7.041655791,0.5171254396,0.6210995707,11,0.3418312247,2021
10_000000000000000000aa,44,Cambodia,794,Kampong Chhnang,NO,3000,Member State,1000,0.4401159544,4.193322103,0.1921385793,0.4570807693,11,0.5760328328,2021
10_000000000000000000ab,44,Cambodia,795,Kampong Speu,NO,3000,Member State,1000,0.5775433974,4.497900831,,,11,,2021
10_000000000000000000ac,44,Cambodia,796,Kampong Thom,NO,3000,Member State,1000,1.037093382,6.976872051,0.5899413889,0.6757868333,11,0.3170369948,2021
10_000000000000000000ad,44,Cambodia,797,Kampot,NO,3000,Member State,1000,0.3883810755,3.587786638,0.5634597729,0.6367405347,11,0.2468742246,2021
10_000000000000000000ae,44,Cambodia,798,Kandal,NO,3000,Member State,1000,0.2949470551,4.935718016,0.2885729704,0.3007822551,11,0.3650972136,2021
10_000000000000000000af,44,Cambodia,800,Kep,NO,3000,Member State,1000,0.01260676424,0.8511547275,0.5666731087,0.6289483657,11,0.2703874894,2021
10_000000000000000000b0,44,Cambodia,799,Koh Kong,NO,3000,Member State,1000,0.9968448838,7.337115505,0.7098004461,0.832149657,11,0.276515107,2021
10_000000000000000000b1,44,Cambodia,801,Kratie,NO,3000,Member State,1000,0.9955412798,6.372926476,0.6450845258,0.7226721157,11,0.2644564364,2021
10_000000000000000000b2,44,Cambodia,803,Mondul Kiri,NO,3000,Member State,1000,1.131673463,6.150690158,0.7004319489,0.7852367822,11,0.1941489629,2021
10_000000000000000000b5,44,Cambodia,806,Phnom Penh,NO,3000,Member State,1000,0.03116094386,1.066500082,,,11,,2021
10_000000000000000000b6,44,Cambodia,802,Preah Sihanouk,NO,3000,Member State,1000,0.1326968649,3.919131182,0.602427012,0.6836013599,11,0.2898581943,2021
10_000000000000000000b7,44,Cambodia,807,Preah Vihear,NO,3000,Member State,1000,1.171947069,6.384016149,0.6958397553,0.7539174948,11,0.1785704858,2021
10_000000000000000000b8,44,Cambodia,808,Prey Veng,NO,3000,Member State,1000,0.3932775827,3.582943269,0.4519022097,0.472651753,11,0.258761784,2021
10_000000000000000000b9,44,Cambodia,809,Pursat,NO,3000,Member State,1000,0.9605296656,7.061150894,0.326835051,0.5038459906,11,0.4632753064,2021
10_000000000000000000ba,44,Cambodia,810,Ratanak Kiri,NO,3000,Member State,1000,0.9851667197,6.15269804,0.7476613514,0.8086368169,11,0.1819454417,2021
10_000000000000000000bc,44,Cambodia,812,Stung Treng,NO,3000,Member State,1000,1.009749037,6.2978308,0.706711524,0.8086934794,11,0.2857940522,2021
10_000000000000000000bd,44,Cambodia,813,Svay Rieng,NO,3000,Member State,1000,0.2366272897,3.115029868,0.4824201803,0.5429791244,11,0.2710097264,2021
10_000000000000000000be,44,Cambodia,814,Takeo,NO,3000,Member State,1000,0.2864885141,3.1252766,0.350952089,0.3944890099,11,0.3654267974,2021
11_000000000000000000b3,44,Cambodia,804,Otdar Meanchey,NO,3000,Member State,1995,0.5532486009,4.551822637,0.4759892696,0.4726523391,12,0.2242055702,2021
11_000000000000000000bb,44,Cambodia,811,Siem Reap,NO,3000,Member State,1995,0.8808367611,5.580395136,0.4820177226,0.4648117184,12,0.2499000435,2021
11_000000000000000000a8,44,Cambodia,792,Battambang,NO,3000,Member State,1997,0.9882713243,6.08763043,0.4766701009,0.4570251566,12,0.2784750911,2021
11_000000000000000000b4,44,Cambodia,805,Pailin,NO,3000,Member State,1997,0.08886359898,1.471673162,0.6067954734,0.628887473,12,0.2164624379,2021
11_000000000000000000a5,44,Cambodia,65290,Area under National Administration 1,NO,3000,Member State,1000,0.2122933686,5.269380318,-0.5181878779,-0.5820427946,12,0.2839156736,2021
11_000000000000000000a6,44,Cambodia,65289,Area under National Administration 2,NO,3000,Member State,1000,8.00E-04,0.3798973226,0.7541916858,0.9024392202,12,0.2878436684,2021
11_000000000000000000a7,44,Cambodia,791,Banteay Meanchey,NO,3000,Member State,1000,0.5109201907,4.57108768,0.2928698775,0.2460367104,12,0.2171267117,2021
11_000000000000000000a9,44,Cambodia,793,Kampong Cham,NO,3000,Member State,1000,0.7840018665,7.041655791,0.4965639279,0.5507892146,12,0.2967543248,2021
11_000000000000000000aa,44,Cambodia,794,Kampong Chhnang,NO,3000,Member State,1000,0.4401159544,4.193322103,0.3660156674,0.4413922873,12,0.3756754854,2021
11_000000000000000000ab,44,Cambodia,795,Kampong Speu,NO,3000,Member State,1000,0.5775433974,4.497900831,0.5007372899,0.4960810506,12,0.2099900813,2021
11_000000000000000000ac,44,Cambodia,796,Kampong Thom,NO,3000,Member State,1000,1.037093382,6.976872051,0.5647682208,0.6132816373,12,0.2688220659,2021
11_000000000000000000ad,44,Cambodia,797,Kampot,NO,3000,Member State,1000,0.3883810755,3.587786638,0.5909035739,0.6132723351,12,0.2256437447,2021
11_000000000000000000ae,44,Cambodia,798,Kandal,NO,3000,Member State,1000,0.2949470551,4.935718016,0.3079696675,0.3788993912,12,0.3921335103,2021
11_000000000000000000af,44,Cambodia,800,Kep,NO,3000,Member State,1000,0.01260676424,0.8511547275,0.5421596329,0.5508070049,12,0.2768421123,2021
11_000000000000000000b0,44,Cambodia,799,Koh Kong,NO,3000,Member State,1000,0.9968448838,7.337115505,0.6102186824,0.7460918014,12,0.2981124853,2021
11_000000000000000000b1,44,Cambodia,801,Kratie,NO,3000,Member State,1000,0.9955412798,6.372926476,0.5975431089,0.65235185,12,0.2557074618,2021
11_000000000000000000b2,44,Cambodia,803,Mondul Kiri,NO,3000,Member State,1000,1.131673463,6.150690158,0.7149040019,0.7696011463,12,0.1571897389,2021
11_000000000000000000b5,44,Cambodia,806,Phnom Penh,NO,3000,Member State,1000,0.03116094386,1.066500082,0.217054123,0.1992313551,12,0.3013779055,2021
11_000000000000000000b6,44,Cambodia,802,Preah Sihanouk,NO,3000,Member State,1000,0.1326968649,3.919131182,0.79932752,0.9182786362,12,0.2817375304,2021
11_000000000000000000b7,44,Cambodia,807,Preah Vihear,NO,3000,Member State,1000,1.171947069,6.384016149,0.6804537395,0.7304881708,12,0.1650080067,2021
11_000000000000000000b8,44,Cambodia,808,Prey Veng,NO,3000,Member State,1000,0.3932775827,3.582943269,0.3646513984,0.3710801394,12,0.2679410664,2021
11_000000000000000000b9,44,Cambodia,809,Pursat,NO,3000,Member State,1000,0.9605296656,7.061150894,0.6225204857,0.7461093024,12,0.3006544134,2021
11_000000000000000000ba,44,Cambodia,810,Ratanak Kiri,NO,3000,Member State,1000,0.9851667197,6.15269804,0.7464980846,0.8008087149,12,0.179916308,2021
11_000000000000000000bc,44,Cambodia,812,Stung Treng,NO,3000,Member State,1000,1.009749037,6.2978308,0.7000341857,0.80084619,12,0.3005984888,2021
11_000000000000000000bd,44,Cambodia,813,Svay Rieng,NO,3000,Member State,1000,0.2366272897,3.115029868,0.4351359112,0.4335736143,12,0.2169750279,2021
11_000000000000000000be,44,Cambodia,814,Takeo,NO,3000,Member State,1000,0.2864885141,3.1252766,0.3488221535,0.3710894947,12,0.2807685215,2021